{
    "depot": [-37.78043040, 145.03413271],
    "num_vehicles": 5,
    "max_stops_per_vehicle": 10,
    "max_travel_time": 3600,
    "locations": [
        [-37.78043040, 145.03413271],
        [-37.78013103, 145.03344699],
        [-37.78096904, 145.03096627],
        [-37.77916343, 145.03122934],
        [-37.77696561, 145.03142881],
        [-37.77669364, 145.03150423],
        [-37.77641981, 145.03154194],
        [-37.77741728, 145.03806472],
        [-37.77681045, 145.04000935],
        [-37.78096410, 144.99728953],

        [-37.78359209, 145.02164791],
        [-37.78575289, 145.02195639],
        [-37.78543931, 145.03066082],
        [-37.76616435, 145.02540078],
        [-37.76604495, 145.03342123],
        [-37.76608525, 145.03385552],
        [-37.76703873, 145.03703854],
        [-37.76751711, 145.04124633],
        [-37.77150810, 145.04658234],
        [-37.77034824, 145.05076953],

        [-37.77427295, 145.04886846],
        [-37.77456317, 145.04861740],
        [-37.77392165, 145.05125975],
        [-37.76545122, 145.04434882],
        [-37.76381650, 145.04581333],
        [-37.76253585, 145.04138367],
        [-37.76279356, 145.04101989],
        [-37.76240807, 145.04054473],
        [-37.76275010, 145.03941423],
        [-37.76486854, 145.04028378],

        [-37.77881165, 145.02492916],
        [-37.77880222, 145.02578365],
        [-37.77877395, 145.02755623],
        [-37.77761627, 145.02630462],
        [-37.77670412, 145.02390726],
        [-37.77572440, 145.02408782],
        [-37.77526791, 145.02458611],
        [-37.77259974, 145.02884605],
        [-37.77272165, 145.02985320],
        [-37.77286173, 145.03143081],

        [-37.77964198, 145.04109455],
        [-37.77959368, 145.04251097],
        [-37.78221510, 145.04034519],
        [-37.78274059, 145.03858459],
        [-37.77198903, 145.03841361],
        [-37.76509383, 145.04839290],
        [-37.76518568, 145.05084714],
        [-37.76753904, 145.05044185],
        [-37.76597154, 145.05384978],
        [-37.77180486, 145.05290186],

        [-37.77224746, 145.02325756],
        [-37.77220953, 145.02281862],
        [-37.77254817, 145.01951743],
        [-37.77412566, 145.01475108],
        [-37.75831151, 145.02120510],
        [-37.75486496, 145.02627122],
        [-37.76780608, 145.01148828],
        [-37.76858979, 145.01140664],
        [-37.76958641, 145.01136913],
        [-37.77455545, 145.00570028],

        [-37.77966943, 145.02117120],
        [-37.77972903, 145.02216442],
        [-37.78043600, 145.02258340],
        [-37.77972552, 145.01825571],
        [-37.77983130, 145.01768951],
        [-37.77876698, 145.01716718],
        [-37.77623608, 145.01837036],
        [-37.77674459, 145.01868587],
        [-37.77418168, 145.01866346],
        [-37.77151208, 145.01851349],

        [-37.77140394, 145.02086952],
        [-37.76919443, 145.02231941],
        [-37.76988323, 145.02643266],
        [-37.77035624, 145.02904704],
        [-37.77033614, 145.03257963],
        [-37.76808766, 145.03301390],
        [-37.76816488, 145.03444473],
        [-37.76969227, 145.04022270],
        [-37.76977974, 145.04084932],
        [-37.76848694, 145.04043513],

        [-37.77535806, 145.04336816],
        [-37.77533011, 145.04295951],
        [-37.77521209, 145.04225616],
        [-37.77527731, 145.04193396],
        [-37.77576182, 145.04171391],
        [-37.77429517, 145.04348153],
        [-37.77299204, 145.04372848],
        [-37.77245135, 145.04437273],
        [-37.77212558, 145.04402348],
        [-37.77167566, 145.04498909],

        [-37.77160111, 145.04737473],
        [-37.77372940, 145.04885622],
        [-37.77386121, 145.05038703],
        [-37.77479005, 145.05108968],
        [-37.77532422, 145.05171172],
        [-37.77453758, 145.04523537],
        [-37.78584723, 145.03193174],
        [-37.78597188, 145.03326988],
        [-37.78548232, 145.03468308],
        [-37.78444213, 145.03501881],

        [-37.78318627, 145.03632329],
        [-37.78340920, 145.03671294],
        [-37.78217925, 145.03498911],
        [-37.78107622, 145.03570275],
        [-37.78307907, 145.03106473],
        [-37.78342948, 145.03097003],
        [-37.78446877, 145.03080692],
        [-37.77577975, 144.99377034],
        [-37.77585558, 144.99392734],
        [-37.77585558, 144.99294174],

        [-37.77473863, 144.99285560],
        [-37.77466106, 144.99322014],
        [-37.77426881, 144.99287621],
        [-37.77405037, 144.99413180],
        [-37.77164967, 144.99468781],
        [-37.76995037, 145.00173296],
        [-37.76966997, 145.00049752],
        [-37.76984351, 145.00442283],
        [-37.77053252, 145.01059851],
        [-37.75847351, 145.03775909],

        [-37.76341950, 145.03419759],
        [-37.76350228, 145.03498530],
        [-37.76468416, 145.03711474],
        [-37.76470236, 145.03723677],
        [-37.76473512, 145.03735189],
        [-37.76472329, 145.03758098],
        [-37.76475696, 145.03776287],
        [-37.76515102, 145.03786072],
        [-37.76517013, 145.03801268],
        [-37.77872917, 145.05676248],
        
        [-37.77666146, 145.05773072],
        [-37.77665975, 145.05806335],
        [-37.77666146, 145.05830094],
        [-37.77714326, 145.05951330],
        [-37.77601766, 145.05975361],
        [-37.77499883, 145.05940018],
        [-37.77493194, 145.06000498],
        [-37.77323952, 145.05987781],
        [-37.77380638, 145.05715817],
        [-37.77039048, 145.05594543]
    ]
}
